op,gpu,m1
GeLU,0.0,0.4993799328804016
softmax,0.0,1.34601691570424e-07
swish,0.0,1.36296478103759e-07
tanh,0.0,1.1427252388784837e-07
