op,gpu,m1
GeLU,0.0,0.7453266978263855
softmax,0.0,0.0
swish,0.0,0.0
tanh,0.0,0.0008200073498301208
