op,gpu,tpu
GeLU,0.0,0.3786084055900574
softmax,0.0,0.11444839835166931
swish,0.0,0.8462470769882202
tanh,0.0,0.6817455887794495
