op,gpu,tpu
GeLU,0.0,0.0
softmax,0.0,0.10704559087753296
swish,0.0,0.7666284441947937
tanh,0.0,0.6820036172866821
