op,gpu,m1
GeLU,0.0,0.3542739748954773
softmax,0.0,0.9999997019767761
swish,0.0,0.36056533455848694
tanh,0.0,0.4577084481716156
