op,gpu,m1
GeLU,0.0,1.6542764647964266e+20
softmax,0.0,1213832.125
swish,0.0,317.974853515625
tanh,0.0,2.336702823638916
