op,gpu,tpu
GeLU,0.0,0.0
softmax,0.0,0.09567901492118835
swish,0.0,0.44353562593460083
tanh,0.0,0.8590725660324097
