op,gpu,m1
GeLU,0.0,1.5698878641501324e-08
softmax,0.0,1.343444324675147e-07
swish,0.0,2.225415940415587e-08
tanh,0.0,5.6985797414199624e-08
