op,gpu,tpu
GeLU,0.0,19582748196864.0
softmax,0.0,1.126145662055933e-06
swish,0.0,0.00680364016443491
tanh,0.0,8.46720013214508e-06
