op,gpu,tpu
GeLU,0.0,0.0
softmax,0.0,0.01059005782008171
swish,0.0,0.0
tanh,0.0,0.4406965672969818
