op,gpu,tpu
GeLU,0.0,0.7577467560768127
softmax,0.0,0.10727646201848984
swish,0.0,0.9261006116867065
tanh,0.0,0.6819726824760437
