op,gpu,m1
GeLU,0.0,7.446374893188477
softmax,0.0,0.000665384519379586
swish,0.0,7.446296215057373
tanh,0.0,7.446150302886963
