op,gpu,m1
GeLU,0.0,0.9999984502792358
softmax,0.0,0.9975358843803406
swish,0.0,0.9999986290931702
tanh,0.0,0.9999995231628418
