op,gpu,tpu
GeLU,0.0,5.38074722555848e-08
softmax,0.0,1.0817226439030492e-06
swish,0.0,4.96263601235114e-06
tanh,0.0,1.3375277376326267e-05
