op,gpu,m1
GeLU,0.0,12.495800971984863
softmax,0.0,0.006653300020843744
swish,0.0,12.501686096191406
tanh,0.0,12.511387825012207
