op,gpu,m1
GeLU,0.0,0.9999983310699463
softmax,0.0,0.9997474551200867
swish,0.0,0.9999983310699463
tanh,0.0,0.999998927116394
