op,gpu,tpu
GeLU,0.0,4.782163998129363e-08
softmax,0.0,8.691411039762897e-07
swish,0.0,3.0918280913283525e-07
tanh,0.0,1.4413813914870843e-05
