op,gpu,m1
GeLU,0.0,0.9983580112457275
softmax,0.0,0.9999957084655762
swish,0.0,0.9999975562095642
tanh,0.0,0.8200825452804565
