op,gpu,m1
GeLU,0.0,11.060362815856934
softmax,0.0,0.8120113611221313
swish,0.0,11.510323524475098
tanh,0.0,10.920209884643555
