op,gpu,m1
GeLU,0.0,12.154083251953125
softmax,0.0,0.06665923446416855
swish,0.0,12.057489395141602
tanh,0.0,11.872977256774902
