op,gpu,m1
GeLU,0.0,0.9999988079071045
softmax,0.0,0.9999744892120361
swish,0.0,0.9999988079071045
tanh,0.0,0.9999992251396179
