op,gpu,tpu
GeLU,0.0,5.021373894464887e-08
softmax,0.0,2.1534111738219508e-07
swish,0.0,3.918651003687046e-08
tanh,0.0,1.1117023859696928e-05
