op,gpu,tpu
GeLU,0.0,5.046835127586746e-08
softmax,0.0,2.3253299730185972e-07
swish,0.0,3.689815741836355e-08
tanh,0.0,1.0884259893373383e-07
