op,gpu,tpu
GeLU,0.0,39071812419584.0
softmax,0.0,1.0944147561531281e-06
swish,0.0,0.01358677726238966
tanh,0.0,8.469902240904048e-06
