op,gpu,tpu
GeLU,0.0,2.2194162951905128e-08
softmax,0.0,1.0947628652502317e-06
swish,0.0,5.5226832955668215e-06
tanh,0.0,8.471230103168637e-06
